time,source_computer,computer_resolved
2,C4653,C5030
2,C5782,C16712
6,C1191,C419
15,C3380,C22841
18,C2436,C5030
31,C161,C2109
35,C5642,C528
38,C3380,C22841
42,C2428,C1065
42,C2428,C2109
42,C2428,C586
43,C2428,C528
44,C2428,C2109
49,C5778,C706
50,C2492,C457
51,C1299,C2109
53,C608,C706
59,C2517,C1707
62,C24436,C24436
62,C26743,C26743
62,C5778,C1685
63,C3198,C1707
63,C5778,C1685
65,C1108,C706
65,C2428,C457
66,C2428,C457
71,C4651,C1707
73,C2428,C1685
76,C18636,C1685
76,C18636,C1707
76,C3380,C22841
80,C2303,C25571
87,C2428,C625
88,C2428,C625
89,C5778,C625
91,C1954,C5030
94,C2428,C529
100,C2428,C5030
100,C3380,C22841
104,C2428,C1685
104,C2492,C457
109,C2428,C467
110,C2428,C612
110,C2492,C457
114,C13488,C1707
119,C5913,C706
133,C920,C1685
137,C3380,C22841
140,C1515,C1685
140,C2514,C706
145,C881,C706
150,C5279,C1685
151,C58,C1707
154,C2533,C1685
155,C3163,C528
156,C5913,C586
158,C5913,C467
160,C17733,C1685
160,C5913,C457
161,C17733,C1707
162,C3380,C22841
162,C814,C1685
164,C4616,C706
170,C2492,C457
171,C2604,C231
173,C2464,C1707
173,C484,C706
175,C3198,C706
178,C806,C1707
179,C64,C1707
185,C366,C1685
190,C24057,C1707
198,C3380,C22841
198,C5913,C457
199,C4081,C5030
208,C3238,C5721
209,C3238,C585
211,C5917,C1763
212,C1624,C625
212,C5917,C1065
212,C5917,C2109
212,C5917,C529
213,C2760,C5030
213,C453,C1707
213,C5917,C457
217,C5875,C586
220,C3484,C706
223,C2626,C1685
223,C2683,C1685
224,C3380,C22841
230,C2492,C457
232,C2459,C706
236,C366,C706
239,C1191,C456
249,C5778,C467
250,C18636,C3953
250,C1928,C1707
250,C5778,C2109
251,C18636,C96
252,C5778,C1065
252,C5778,C625
259,C2320,C5588
259,C3380,C22841
262,C2584,C706
265,C4693,C5030
268,C2735,C5030
277,C4367,C5030
280,C5875,C586
281,C5917,C529
283,C5917,C612
286,C3380,C22841
290,C2492,C457
299,C2492,C457
309,C5778,C586
309,C5778,C625
311,C5778,C625
312,C2159,C743
312,C5778,C586
315,C1191,C1685
315,C2159,C46
316,C2278,C231
317,C2159,C585
320,C3380,C22841
323,C5917,C706
327,C4559,C1685
341,C9201,C9201
342,C902,C1685
348,C3380,C22841
350,C2492,C457
350,C831,C1685
351,C5917,C457
356,C2438,C706
356,C4081,C529
356,C843,C1065
360,C24595,C1685
360,C24595,C1707
366,C4215,C5030
366,C5917,C1065
368,C1142,C706
369,C1928,C586
369,C2278,C706
371,C22442,C359
375,C3664,C5030
379,C4131,C1685
381,C3380,C22841
382,C3165,C529
382,C3165,C706
396,C3444,C706
402,C154,C1707
405,C3143,C1707
409,C15182,C15182
410,C3380,C22841
411,C2492,C457
416,C3451,C5030
416,C5176,C706
427,C1420,C612
432,C515,C5030
434,C2320,C467
435,C18345,C18345
442,C3380,C22841
450,C337,C5030
455,C1102,C2109
456,C3163,C612
457,C2769,C1533
470,C3021,C706
471,C2492,C457
472,C3380,C22841
473,C1420,C1685
478,C4513,C1065
482,C2827,C1685
484,C5176,C5030
494,C5917,C359
495,C843,C1685
498,C421,C1065
503,C3380,C22841
505,C5913,C586
511,C253,C5030
514,C4508,C5030
516,C17065,C1685
517,C2299,C1685
528,C421,C1065
530,C453,C1707
531,C2492,C457
531,C3664,C231
534,C3380,C22841
542,C194,C5030
550,C1645,C1685
556,C2640,C5030
556,C3026,C921
560,C5917,C2109
563,C5917,C706
564,C3380,C22841
570,C1506,C1707
574,C5875,C586
579,C5917,C586
581,C5917,C467
584,C94,C5030
585,C3374,C5030
586,C631,C706
588,C5917,C231
591,C2492,C457
593,C3030,C5030
596,C3380,C22841
599,C2492,C457
607,C1750,C706
616,C1748,C5030
616,C25022,C5698
625,C3380,C22841
633,C2087,C528
639,C2640,C706
640,C1936,C2079
641,C1936,C2079
650,C1299,C528
650,C2438,C1685
650,C274,C1707
651,C2438,C1685
651,C2492,C457
653,C992,C1707
658,C3380,C22841
664,C3869,C3761
669,C1243,C5030
672,C3990,C706
679,C5778,C457
680,C5778,C2109
682,C5778,C1065
682,C5778,C586
686,C3380,C22841
689,C25022,C1685
697,C3496,C1065
697,C3496,C467
711,C2492,C457
720,C3380,C22841
723,C1653,C5030
730,C1947,C5030
738,C5778,C467
739,C1357,C1707
740,C2021,C1685
740,C5778,C2109
741,C5778,C467
747,C2320,C467
747,C3380,C22841
750,C3616,C5030
756,C26743,C26743
763,C3554,C467
764,C4643,C5720
765,C4643,C585
771,C2492,C457
773,C16137,C1685
773,C2798,C1685
781,C4600,C1707
782,C3380,C22841
786,C3629,C5030
789,C5461,C457
789,C5461,C586
793,C22442,C359
795,C4015,C5030
798,C24806,C1685
798,C24806,C1707
799,C894,C706
800,C3381,C5721
803,C5638,C706
808,C3380,C22841
809,C1804,C706
816,C5763,C3402
822,C1936,C1685
825,C3163,C5030
828,C5913,C1685
831,C2492,C457
836,C159,C706
841,C2493,C706
843,C1748,C706
843,C2303,C6050
844,C3380,C22841
846,C5875,C586
846,C5875,C612
847,C5875,C586
847,C5875,C612
849,C5111,C5030
849,C5875,C586
851,C5875,C1065
853,C5875,C586
854,C5875,C2109
858,C5875,C467
860,C5875,C1065
862,C5461,C5030
862,C5875,C1065
867,C23640,C1685
867,C4722,C706
868,C23640,C1707
869,C3380,C22841
872,C2475,C5030
874,C3030,C706
876,C1936,C1944
890,C2517,C3761
891,C2492,C457
892,C1423,C1707
893,C1420,C706
899,C2492,C457
900,C3440,C2436
901,C1191,C626
902,C18184,C18184
906,C3380,C22841
907,C5154,C706
911,C5332,C5030
912,C3544,C1707
912,C58,C706
913,C2159,C706
924,C3204,C1707
925,C2827,C743
926,C2320,C5588
926,C4653,C1707
927,C2299,C706
928,C3405,C1685
930,C3380,C22841
932,C4581,C706
936,C2229,C1707
946,C2769,C706
950,C2514,C612
951,C2492,C457
954,C3026,C5030
955,C23716,C5782
957,C3451,C1685
958,C3607,C3607
961,C253,C706
966,C3198,C1707
968,C3380,C22841
968,C5778,C1685
975,C2735,C1685
977,C4291,C1944
991,C3380,C22841
991,C5778,C625
996,C4081,C706
997,C4616,C5030
998,C4550,C1707
1008,C5875,C586
1011,C2492,C457
1013,C24436,C24436
1016,C13488,C1685
1016,C13488,C1707
1016,C2749,C5030
1019,C5913,C706
1022,C4412,C1685
1026,C2278,C5030
1028,C1653,C529
1028,C1653,C612
1030,C3380,C22841
1032,C5913,C2109
1035,C3026,C61
1035,C5913,C2109
1038,C1653,C586
1042,C1748,C1685
1047,C1804,C5030
1052,C3380,C22841
1054,C1653,C457
1063,C814,C1685
1064,C814,C1685
1067,C4988,C1685
1071,C2492,C457
1071,C5913,C586
1072,C5913,C586
1073,C5913,C586
1074,C5913,C586
1075,C4165,C706
1075,C5913,C586
1076,C23716,C5782
1077,C5913,C586
1079,C4367,C1685
1079,C5913,C2109
1080,C5913,C586
1081,C1645,C5030
1081,C23716,C5782
1081,C5913,C467
1081,C5913,C586
1082,C23716,C5782
1082,C5913,C467
1083,C5913,C457
1084,C23716,C5782
1084,C5913,C467
1086,C23716,C5782
1086,C5913,C586
1087,C23716,C5782
1087,C5913,C457
1088,C23716,C5782
1088,C657,C229
1089,C23716,C5782
1090,C23716,C5782
1090,C5913,C2109
1091,C23716,C5782
1091,C24057,C1685
1092,C23716,C5782
1092,C3380,C22841
1092,C5913,C2109
1094,C23716,C5782
1094,C5913,C2109
1096,C23716,C5782
1097,C5778,C528
1098,C23716,C5782
1098,C5778,C457
1099,C5778,C612
1100,C23716,C5782
1100,C5778,C529
1102,C2320,C467
1102,C23716,C5782
1103,C23716,C5782
1103,C2464,C706
1103,C3260,C706
1104,C23716,C5782
1105,C23716,C5782
1106,C23716,C5782
1106,C2735,C706
1108,C23716,C5782
1109,C23716,C5782
1110,C23716,C5782
1112,C23716,C5782
1113,C3380,C22841
1115,C453,C1707
1119,C5875,C586
1123,C5913,C586
1124,C5913,C586
1126,C1936,C5136
1129,C1954,C706
1130,C5778,C359
1130,C5913,C2109
1131,C2492,C457
1136,C3380,C457
1136,C3380,C5136
1136,C3380,C586
1137,C2303,C24947
1140,C4232,C706
1142,C3238,C706
1144,C3544,C706
1144,C5913,C586
1145,C5913,C586
1146,C5913,C586
1147,C5913,C586
1148,C1905,C706
1149,C159,C1707
1150,C1624,C706
1154,C3380,C22841
1157,C5778,C467
1158,C5778,C2109
1158,C5913,C457
1158,C709,C5030
1160,C5778,C457
1161,C5778,C2109
1162,C2798,C706
1164,C484,C5030
1174,C3380,C22841
1191,C2492,C457
1194,C1191,C102
1195,C94,C612
1196,C2852,C1685
1199,C2492,C457
1215,C22442,C359
1216,C3380,C22841
1217,C1191,C1685
1221,C3131,C5030
1224,C3021,C5030
1231,C2760,C706
1235,C3380,C22841
1241,C436,C706
1245,C3714,C706
1247,C4618,C706
1251,C2492,C457
1251,C709,C706
1252,C831,C1685
1256,C1506,C706
1256,C4618,C1707
1259,C1205,C706
1260,C2303,C1685
1261,C902,C706
1278,C3380,C22841
1283,C3165,C529
1283,C3165,C706
1284,C2021,C706
1288,C2517,C5030
1289,C4835,C706
1295,C3049,C706
1296,C3380,C22841
1304,C154,C1707
1307,C3143,C1707
1311,C2492,C457
1314,C94,C1707
1321,C1796,C1707
1324,C2908,C706
1327,C4914,C706
1329,C3122,C706
1334,C3380,C5640
1339,C1191,C5030
1340,C3380,C22841
1341,C337,C1685
1351,C4559,C706
1354,C122,C706
1357,C3380,C22841
1368,C5111,C1685
1370,C122,C1685
1371,C2492,C457
1373,C5913,C586
1374,C5913,C586
1375,C5045,C706
1377,C4297,C231
1394,C3990,C706
1398,C194,C1707
1398,C843,C1685
1401,C5043,C5030
1402,C3380,C22841
1406,C5913,C586
1408,C421,C1065
1408,C4367,C706
1409,C5045,C5030
1417,C17065,C1685
1417,C17065,C1707
1418,C3380,C22841
1421,C657,C706
1431,C1295,C706
1431,C2492,C457
1433,C2303,C12441
1438,C421,C1065
1443,C4077,C706
1445,C14244,C5698
1447,C4291,C1685
1459,C1205,C1685
1464,C3380,C22841
1467,C1191,C419
1473,C1506,C1707
1478,C1653,C625
1479,C3380,C22841
1484,C16137,C16137
1489,C337,C706
1491,C2492,C457
1498,C3260,C5030
1499,C2492,C457
1499,C4812,C5030
1499,C5633,C1685
1505,C2472,C5030
1507,C3629,C706
1512,C4581,C5030
1513,C3990,C5030
1514,C1191,C419
1515,C2533,C706
1516,C1191,C706
1525,C2852,C5030
1526,C3380,C22841
1528,C2464,C5030
1532,C3381,C706
1533,C2475,C706
1534,C5323,C1685
1536,C5778,C457
1537,C5778,C625
1539,C5778,C2109
1539,C5778,C625
1540,C3380,C22841
1551,C2492,C457
1560,C3587,C706
1568,C1435,C1707
1586,C2021,C2303
1588,C3380,C22841
1589,C4232,C5030
1589,C5902,C1685
1590,C5902,C1685
1595,C2320,C5588
1597,C5778,C529
1598,C5778,C467
1600,C5778,C1065
1601,C3380,C22841
1601,C5778,C529
1605,C4600,C359
1611,C2492,C457
1614,C2438,C1867
1617,C94,C706
1618,C4297,C5030
1620,C453,C706
1622,C1108,C1685
1625,C14244,C15539
1640,C2798,C1685
1641,C1357,C1707
1643,C4515,C706
1644,C1191,C1685
1648,C608,C5030
1650,C3380,C22841
1652,C2604,C706
1659,C608,C5136
1659,C608,C5588
1660,C608,C22529
1660,C608,C4222
1660,C608,C5136
1661,C608,C5640
1662,C3380,C22841
1667,C1420,C5030
1670,C16137,C1685
1671,C16137,C1707
1671,C2492,C457
1671,C2908,C5030
1674,C2798,C1685
1674,C3238,C1685
1675,C3629,C1685
1682,C2871,C1685
1683,C64,C706
1689,C18345,C359
1694,C1515,C5030
1697,C1006,C5030
1707,C2303,C8071
1712,C3380,C22841
1714,C3534,C2174
1716,C1796,C5030
1721,C2472,C1707
1721,C3380,C22841
1722,C657,C5030
1727,C2850,C467
1729,C5893,C1707
1731,C2492,C457
1731,C5893,C1685
1732,C5913,C1685
1733,C4513,C706
1744,C9201,C1685
1744,C9201,C1707
1745,C3044,C706
1756,C4753,C5030
1763,C2517,C706
1767,C1006,C706
1770,C2320,C467
1774,C3380,C22841
1778,C5638,C5030
1784,C3380,C22841
1787,C3457,C706
1791,C2492,C457
1793,C1453,C5030
1799,C2492,C457
1799,C3534,C586
1807,C4550,C5030
1810,C2772,C5030
1812,C3869,C1707
1817,C1800,C706
1820,C2090,C586
1820,C2299,C5030
1823,C4835,C1707
1827,C366,C5030
1833,C1928,C5030
1835,C768,C529
1836,C3380,C22841
1836,C768,C529
1837,C768,C529
1841,C1936,C2079
1842,C4517,C706
1845,C3380,C22841
1849,C3906,C1707
1851,C2492,C457
1852,C154,C359
1860,C1936,C2079
1860,C768,C586
1865,C253,C529
1865,C3374,C706
1869,C3198,C1707
1873,C5778,C1685
1874,C5778,C1685
1885,C3906,C706
1886,C4233,C706
1889,C843,C1685
1890,C768,C1065
1893,C315,C5030
1894,C5778,C625
1898,C3380,C22841
1903,C3554,C1065
1903,C3554,C1685
1904,C2492,C457
1904,C3554,C467
1904,C3554,C529
1904,C3554,C625
1906,C3380,C22841
1908,C17733,C359
1911,C2492,C457
1919,C4015,C1707
1922,C5461,C706
1924,C375,C706
1934,C5461,C1707
1935,C4508,C706
1938,C920,C1685
1939,C3496,C706
1947,C1515,C1685
1950,C2021,C5030
1954,C58,C1707
1960,C3380,C22841
1962,C17733,C1685
1962,C2475,C1707
1963,C17733,C1707
1965,C814,C1685
1967,C3380,C22841
1968,C5778,C625
1969,C3235,C5030
1969,C4988,C1707
1971,C2492,C457
1971,C5778,C529
1971,C5778,C586
1980,C3122,C467
1983,C64,C1707
1983,C806,C1707
1988,C13023,C1707
1990,C366,C1685
1997,C2604,C5030
1998,C2480,C706
2008,C3030,C1707
2010,C3204,C5030
2012,C4600,C529
2015,C1295,C5030
2018,C453,C1707
2020,C2496,C5030
2022,C3380,C22841
2026,C5778,C457
2026,C5778,C528
2028,C3380,C22841
2028,C5778,C528
2028,C5778,C529
2029,C5763,C3402
2032,C2492,C457
2044,C375,C5030
2046,C4722,C5030
2049,C24851,C5782
2051,C4352,C1707
2052,C814,C5030
2058,C3163,C706
2060,C2493,C5030
2062,C3380,C25295
2062,C3380,C5728
2066,C2772,C706
2072,C3049,C5030
2074,C4835,C2436
2075,C4081,C1685
2077,C4367,C1065
2084,C3380,C22841
2086,C4651,C5030
2089,C2480,C2479
2089,C3380,C22841
2092,C2492,C457
2092,C843,C706
2095,C1102,C2109
2095,C4254,C706
2098,C4131,C5030
2099,C2492,C457
2099,C5186,C706
2108,C5323,C706
2119,C1191,C1685
2129,C1928,C706
2132,C2683,C5030
2138,C1423,C706
2143,C1102,C2109
2144,C1102,C1707
2146,C3380,C22841
2147,C902,C1685
2147,C902,C5030
2148,C3235,C706
2150,C3380,C22841
2152,C14343,C1685
2152,C2492,C457
2152,C5154,C1685
2154,C831,C1685
2167,C4722,C1685
2174,C2077,C1685
2176,C4550,C706
2177,C4291,C1944
2178,C18345,C359
2182,C3869,C706
2183,C3165,C529
2183,C3165,C706
2185,C122,C5030
2186,C3380,C798
2188,C2749,C1065
2190,C1692,C706
2191,C1804,C1065
2194,C24851,C1685
2195,C24851,C1707
2206,C154,C1707
2208,C3380,C22841
2210,C3143,C1707
2211,C3380,C22841
2212,C2492,C457
2215,C5902,C706
2237,C1357,C706
2237,C1947,C706
2239,C768,C2109
2239,C768,C528
2240,C768,C467
2248,C4271,C1685
2255,C14244,C1797
2258,C4165,C5030
2261,C768,C612
2262,C2320,C5588
2263,C3380,C25294
2264,C894,C1065
2267,C4835,C5030
2270,C3380,C22841
2272,C2492,C457
2273,C3380,C22841
2276,C1420,C1685
2282,C4271,C5030
2287,C2827,C1685
2288,C2303,C10919
2288,C657,C229
2289,C4112,C5030
2296,C4297,C1707
2300,C843,C1685
2307,C5913,C586
2315,C2626,C585
2316,C2626,C743
2321,C2299,C1685
2322,C27086,C1685
2323,C27086,C1707
2325,C4914,C1685
2328,C3336,C1685
2330,C282,C706
2332,C2492,C457
2332,C25059,C1685
2332,C3380,C22841
2334,C3380,C22841
2341,C2321,C706
2345,C14244,C16950
2350,C4988,C706
2355,C2769,C1707
2357,C1645,C1685
2371,C1936,C1944
2377,C1506,C1707
2385,C5778,C612
2386,C5778,C625
2387,C4651,C706
2388,C5778,C586
2388,C5778,C625
2392,C2492,C457
2394,C2626,C528
2394,C3380,C22841
2395,C3380,C22841
2396,C3380,C22841
2399,C2492,C457
2412,C2749,C1685
2424,C2989,C706
2424,C3587,C5030
2432,C4858,C706
2435,C5323,C1707
2438,C2303,C706
2438,C2320,C467
2444,C768,C529
2446,C1102,C2109
2446,C5778,C625
2447,C5778,C528
2449,C5778,C1065
2450,C5778,C457
2452,C2492,C457
2452,C274,C1707
2456,C2438,C1685
2456,C3380,C22841
2456,C992,C1707
2457,C2438,C1685
2457,C3380,C22841
2458,C3380,C22841
2461,C5279,C5030
2465,C2548,C5030
2469,C409,C5030
2469,C768,C586
2476,C421,C1065
2490,C25022,C1685
2499,C768,C1065
2506,C421,C1065
2510,C274,C5030
2510,C5358,C706
2512,C2492,C457
2514,C3451,C706
2517,C161,C706
2518,C3380,C22841
2519,C3380,C22841
2520,C3380,C22841
2522,C3616,C706
2525,C18345,C359
2525,C894,C5030
2538,C631,C5030
2543,C1357,C1707
2558,C1435,C706
2564,C4858,C5030
2571,C3869,C5030
2572,C2492,C457
2572,C4412,C706
2573,C768,C529
2574,C768,C529
2576,C2798,C1685
2578,C3380,C22841
2580,C3380,C22841
2583,C1423,C5030
2583,C2303,C13898
2583,C2749,C706
2598,C768,C586
2607,C3544,C5030
2619,C3044,C5030
2621,C3380,C22841
2622,C2548,C706
2625,C1936,C1685
2628,C4616,C1685
2628,C768,C1065
2632,C2492,C457
2633,C3457,C1707
2636,C5913,C1685
2642,C3380,C22841
2656,C2229,C706
2660,C3440,C1685
2669,C768,C5030
2672,C831,C706
2675,C806,C5030
2682,C154,C1707
2682,C3694,C706
2684,C1653,C706
2687,C2090,C586
2691,C4254,C5030
2692,C2492,C457
2697,C1423,C1707
2699,C2492,C457
2700,C3380,C22841
2702,C18184,C18184
2704,C3380,C22841
2705,C2626,C706
2706,C4559,C5030
2706,C831,C1685
2709,C2493,C1707
2711,C4015,C706
2712,C4131,C706
2729,C2584,C1685
2735,C992,C706
2738,C2229,C1707
2746,C4858,C1685
2749,C1191,C419
2752,C2492,C457
2761,C3380,C22841
2766,C3380,C22841
2767,C3440,C5030
2770,C3444,C5030
2771,C3198,C1707
2772,C2438,C5030
2780,C5778,C1685
2782,C3204,C706
2783,C3380,C2013
2785,C3405,C706
2788,C421,C706
2792,C5045,C1707
2797,C5778,C625
2798,C1624,C5030
2808,C3380,C2013
2811,C1804,C1707
2812,C2492,C457
2812,C4077,C1685
2822,C3380,C22841
2824,C5913,C359
2828,C2480,C231
2828,C2850,C706
2828,C3380,C22841
2828,C5778,C457
2829,C5778,C528
2831,C5778,C528
2831,C5778,C612
2834,C2852,C706
2839,C3122,C1707
2842,C4600,C706
2844,C3616,C1685
2852,C1357,C1707
2853,C5763,C3402
2857,C4515,C1707
2858,C1453,C706
2859,C23724,C1685
2862,C3021,C2436
2865,C194,C706
2866,C843,C5030
2867,C814,C1685
2872,C2492,C457
2872,C3143,C706
2878,C2303,C11803
2878,C2827,C706
2880,C4377,C706
2881,C3380,C22167
2883,C3380,C22841
2888,C5778,C586
2888,C5778,C612
2889,C13023,C1685
2889,C13023,C1707
2890,C3198,C5030
2890,C3380,C22841
2890,C5778,C2109
2891,C5778,C612
2894,C4377,C5030
2899,C2159,C15644
2900,C3484,C1685
2909,C4914,C5030
2920,C2480,C5030
2920,C3664,C706
2921,C3380,C22841
2921,C453,C1707
2930,C2320,C5588
2932,C2492,C457
2939,C154,C706
2942,C2772,C467
2942,C4352,C5030
2952,C3380,C22841
2954,C159,C1707
2959,C3380,C5588
2965,C3143,C1707
2969,C2626,C706
2976,C2668,C706
2978,C2893,C706
2983,C2032,C706
2983,C2436,C706
2985,C4291,C5030
2992,C2492,C457
2992,C608,C1707
2996,C3336,C706
2999,C2492,C457
3005,C3198,C1707
3005,C3380,C22841
3006,C4377,C1707
3008,C3380,C22529
3009,C881,C5030
3014,C3380,C22841
3016,C1300,C706
3017,C2683,C706
3021,C1191,C1685
3026,C2303,C14832
3030,C354,C706
3041,C1936,C2079
3041,C814,C1685
3045,C2683,C585
3048,C2683,C46
3049,C2683,C743
3052,C2492,C457
3054,C5154,C1707
3056,C831,C1685
3061,C1295,C1685
3062,C1750,C1685
3066,C3380,C22841
3067,C64,C5030
3071,C4291,C706
3076,C2090,C586
3076,C3026,C921
3076,C3380,C22841
3078,C4112,C706
3080,C1936,C2079
3083,C3165,C529
3083,C3165,C706
3090,C3587,C1685
3107,C2320,C467
3108,C154,C1707
3112,C2492,C457
3113,C3143,C1707
3116,C436,C5030
3118,C5913,C706
3119,C4297,C706
3119,C94,C1707
3120,C1754,C706
3125,C3381,C5030
3126,C1796,C1707
3127,C3380,C22841
3136,C3254,C706
3138,C3380,C22841
3139,C4653,C706
3144,C3554,C1707
3144,C453,C5030
3145,C337,C1685
3149,C5111,C706
3152,C2321,C5030
3153,C3049,C528
3157,C5919,C467
3158,C5919,C2855
3158,C5919,C467
3160,C3694,C1685
3162,C5919,C467
3166,C5919,C467
3170,C2769,C5030
3172,C1692,C1707
3172,C2492,C457
3172,C5111,C1685
3174,C122,C1685
3175,C375,C586
3178,C5919,C1685
3179,C5919,C1685
3181,C5919,C1685
3182,C5323,C5030
3182,C768,C529
3183,C5919,C1685
3187,C2472,C706
3188,C3380,C22841
3192,C4352,C706
3195,C1515,C706
3196,C3026,C1183
3196,C5919,C2855
3197,C5919,C1685
3198,C421,C1065
3198,C5919,C2855
3200,C3380,C22841
3200,C5919,C612
3203,C194,C1707
3203,C5919,C612
3203,C843,C1685
3205,C5919,C612
3206,C5919,C612
3207,C5919,C612
3207,C768,C586
3208,C5913,C586
3209,C5919,C612
3210,C5919,C612
3211,C5919,C612
3213,C5919,C612
3214,C5919,C467
3214,C5919,C612
3215,C5919,C612
3215,C5919,C706
3216,C5919,C706
3217,C5919,C612
3218,C5919,C612
3219,C5919,C706
3220,C5919,C706
3221,C3380,C22841
3221,C5919,C612
3221,C5919,C706
3223,C5919,C706
3224,C5919,C706
3225,C5919,C467
3225,C5919,C612
3226,C2303,C9219
3226,C5919,C467
3227,C3122,C5030
3227,C5919,C467
3228,C315,C467
3228,C421,C1065
3230,C25059,C1685
3230,C5919,C467
3231,C25059,C1707
3231,C5919,C467
3232,C2492,C457
3233,C5919,C467
3234,C5919,C467
3235,C5919,C467
3237,C768,C1065
3238,C5919,C457
3240,C274,C706
3245,C1300,C5030
3245,C5919,C1065
3245,C5919,C706
3246,C5919,C1065
3250,C4291,C1685
3254,C5919,C467
3256,C5778,C586
3257,C5778,C457
3260,C22976,C1685
3261,C22976,C1707
3262,C1205,C1685
3262,C3380,C22841
3264,C5919,C467
3265,C5919,C467
3268,C2871,C706
3274,C515,C706
3274,C768,C706
3280,C1506,C1707
3287,C831,C5030
3290,C4616,C2436
3292,C2492,C457
3297,C814,C2109
3299,C2492,C457
3310,C3380,C22841
3314,C1108,C5030
3316,C5778,C457
3317,C5778,C612
3319,C5778,C625
3323,C992,C5030
3324,C3380,C22841
3325,C2303,C5030
3328,C5778,C743
3331,C5778,C5720
3337,C920,C706
3340,C1191,C625
3340,C1796,C706
3340,C1936,C706
3340,C19517,C1685
3340,C19517,C1707
3343,C1506,C5030
3345,C2989,C1707
3346,C2827,C5030
3352,C2492,C457
3354,C4988,C5030
3362,C3235,C1065
3367,C4753,C1707
3371,C1435,C1707
3371,C159,C359
3371,C3380,C22841
3375,C5279,C706
3377,C4291,C1944
3382,C409,C706
3386,C3380,C22841
3395,C5902,C1685
3396,C5902,C1685
3401,C2496,C706
3404,C159,C1065
3409,C3440,C231
3410,C5337,C706
3412,C2492,C457
3425,C1108,C1685
3426,C1108,C1685
3428,C2769,C2162
3432,C3380,C22841
3435,C3026,C61
3436,C161,C359
3437,C3484,C5030
3444,C1357,C1707
3448,C2303,C6492
3448,C3380,C22841
3459,C3534,C706
3460,C3044,C1707
3461,C3451,C5720
3462,C3451,C585
3462,C4618,C5030
3464,C2159,C5030
3472,C2492,C457
3473,C421,C5030
3474,C3554,C529
3478,C2798,C1685
3478,C3629,C1685
3481,C1243,C706
3483,C5919,C467
3484,C5919,C467
3486,C20312,C1685
3486,C20312,C1707
3487,C5919,C467
3488,C657,C229
3493,C3380,C22841
3495,C1645,C706
3495,C4693,C706
3510,C3380,C22841
3512,C5919,C612
3517,C5919,C1685
3517,C5919,C612
3518,C5919,C1685
3518,C814,C706
3520,C5778,C528
3521,C3380,C22841
3522,C5778,C528
3522,C5919,C612
3522,C5919,C706
3523,C5778,C528
3523,C5919,C706
3525,C5778,C528
3526,C5778,C706
3526,C5919,C612
3527,C94,C1065
3528,C5778,C706
3529,C5778,C528
3531,C4753,C706
3532,C2492,C457
3532,C5919,C529
3533,C5919,C529
3534,C5919,C1065
3535,C5919,C1065
3536,C2480,C1707
3537,C5919,C529
3538,C5919,C529
3539,C3254,C1707
3539,C4254,C743
3540,C5913,C1685
3542,C4515,C529
3542,C5919,C612
3547,C5919,C612
3548,C3374,C1707
3550,C3238,C5030
3551,C806,C706
3555,C3026,C606
3559,C4254,C1685
3572,C3380,C22841
3576,C1936,C1944
3578,C2459,C5030
3578,C3457,C5030
3587,C4271,C706
3592,C2492,C457
3599,C2320,C5588
3599,C2492,C457
3602,C1750,C1604
3602,C5782,C16712
3603,C2201,C528
3603,C3554,C529
3603,C366,C368
3606,C1748,C467
3608,C3607,C1685
3609,C3607,C1707
3615,C3380,C22841
3617,C2303,C8970
3619,C5919,C467
3620,C17733,C359
3623,C5919,C467
3627,C5902,C359
3634,C3380,C22841
3643,C2428,C586
3649,C5778,C706
3652,C2492,C457
3653,C2428,C529
3653,C2492,C457
3653,C608,C706
3658,C2850,C359
3659,C19131,C1685
3659,C19131,C1707
3661,C4653,C5030
3662,C14014,C1883
3662,C14270,C1883
3662,C17276,C1883
3662,C18345,C1883
3662,C18636,C1883
3662,C19131,C1883
3662,C22442,C1883
3662,C23931,C1883
3662,C26743,C26743
3662,C5904,C1883
3663,C17065,C1883
3663,C24436,C24436
3663,C24806,C1883
3663,C27086,C1883
3663,C3607,C1883
3663,C9201,C1883
3664,C1006,C1604
3664,C2472,C1710
3665,C1108,C706
3666,C14343,C1883
3667,C2436,C5030
3667,C25022,C1883
3668,C22976,C1883
3669,C2517,C1707
3671,C16137,C1883
3673,C23640,C1883
3674,C23396,C1883
3674,C2428,C1685
3674,C3198,C1707
3674,C5778,C612
3675,C5778,C457
3676,C3380,C22841
3677,C5778,C529
3677,C5778,C586
3679,C13488,C1883
3681,C4651,C1707
3684,C5778,C1685
3685,C5778,C1685
3686,C2428,C1065
3696,C3380,C22841
3699,C5778,C625
3704,C2492,C457
3706,C5778,C625
3707,C5778,C625
3708,C5778,C529
3711,C5778,C625
3712,C1954,C5030
3713,C2492,C457
3713,C5778,C457
3718,C2428,C5030
3720,C3440,C467
3720,C5778,C586
3722,C5919,C26737
3723,C5919,C26737
3724,C5919,C26737
3725,C5919,C26737
3726,C5778,C529
3728,C5778,C529
3728,C5919,C26737
3729,C5919,C26737
3730,C5919,C26737
3731,C5919,C26737
3732,C3554,C529
3732,C5919,C26737
3732,C5919,C467
3735,C5919,C26737
3735,C5919,C467
3736,C5919,C26737
3737,C3380,C22841
3737,C5919,C26737
3738,C5778,C625
3738,C5919,C26737
3739,C5778,C457
3739,C5919,C26737
3740,C5778,C612
3742,C2514,C706
3744,C920,C1685
3745,C2436,C1707
3745,C5919,C26737
3746,C5919,C26737
3746,C881,C706
3747,C5919,C26737
3748,C14014,C1685
3748,C14014,C1707
3748,C5919,C26737
3754,C1515,C1685
3755,C1515,C1685
3758,C3380,C22841
3759,C58,C1707
3760,C23724,C1685
3760,C23724,C1707
3761,C5279,C1685
3763,C1928,C467
3763,C1928,C586
3764,C2533,C1685
3764,C4616,C706
3768,C814,C1685
3770,C17733,C1685
3773,C2492,C457
3773,C484,C706
3775,C3198,C706
3782,C2464,C1707
3786,C2303,C5973
3788,C64,C1707
3788,C806,C1707
3795,C24057,C1707
3795,C366,C1685
3798,C3380,C22841
3804,C4081,C5030
3808,C5778,C625
3809,C5778,C625
3820,C3380,C22841
3821,C3380,C22841
3822,C3380,C22841
3822,C3484,C706
3822,C5919,C706
3823,C2760,C5030
3823,C453,C1707
3823,C5919,C706
3824,C5919,C706
3825,C5919,C706
3826,C5919,C706
3826,C920,C528
3828,C2303,C17974
3833,C2492,C457
3833,C2626,C1685
3833,C2683,C1685
3834,C2459,C706
3835,C5919,C706
3836,C366,C706
3836,C768,C612
3837,C5919,C706
3837,C768,C528
3842,C920,C529
3855,C436,C586
3858,C3694,C2109
3859,C2159,C231
3859,C3380,C22841
3861,C1928,C1707
3864,C2584,C706
3866,C3554,C529
3867,C3554,C457
3867,C3554,C467
3871,C4693,C5030
3875,C5919,C706
3877,C2735,C5030
3882,C3380,C22841
3893,C2492,C457
3895,C5919,C467
3895,C608,C1685
3899,C2492,C457
3899,C4367,C5030
3900,C2989,C5030
3915,C5919,C706
3920,C3380,C22841
3923,C1191,C1685
3924,C1191,C1685
3930,C5919,C467
3938,C4559,C1685
3939,C14646,C1685
3939,C14646,C1707
3941,C9201,C9201
3944,C2772,C1883
3944,C3380,C22841
3951,C902,C1685
3953,C2492,C457
3954,C14343,C1707
3954,C806,C612
3956,C2438,C706
3956,C5919,C467
3959,C831,C1685
3963,C24595,C1685
3965,C1750,C1707
3968,C1142,C706
3969,C831,C467
3971,C2278,C706
3971,C5919,C467
3973,C4215,C1707
3981,C3380,C22841
3983,C3165,C529
3983,C3165,C706
3985,C4131,C1685
3986,C3664,C5030
3996,C3444,C706
4000,C3554,C529
4001,C17733,C359
4006,C3380,C22841
4008,C5919,C706
4009,C5919,C706
4011,C154,C1707
4012,C5919,C706
4013,C2492,C457
4015,C3143,C1707
4016,C5176,C706
4042,C3380,C22841
4056,C337,C5030
4057,C515,C5030
4058,C3451,C5030
4061,C2303,C10297
4068,C3380,C22841
4071,C3021,C706
4073,C2492,C457
4079,C1420,C1685
4079,C58,C5030
4086,C2769,C1533
4087,C2159,C743
4090,C2159,C46
4091,C2827,C1685
4093,C1191,C456
4093,C2159,C585
4094,C2077,C5030
4101,C5919,C1685
4102,C5919,C1685
4103,C3380,C22841
4105,C843,C1685
4109,C5913,C586
4118,C5919,C467
4120,C5778,C612
4121,C5778,C467
4123,C5778,C1065
4123,C5778,C586
4126,C2299,C1685
4128,C5176,C5030
4130,C3380,C22841
4131,C453,C1707
4133,C2492,C457
4138,C3554,C529
4149,C3380,C23521
4158,C253,C5030
4163,C1645,C1685
4164,C3380,C22841
4169,C194,C5030
4170,C4508,C5030
4173,C22479,C22479
4180,C5782,C10293
4180,C5782,C5919
4181,C5778,C529
4181,C5778,C625
4183,C1506,C1707
4183,C5778,C529
4184,C5778,C586
4187,C2640,C5030
4187,C631,C706
4188,C421,C1065
4191,C1453,C2109
4192,C3380,C22841
4193,C2492,C457
4199,C2492,C457
4201,C1191,C419
4207,C1750,C706
4207,C409,C528
4218,C421,C1065
4225,C3380,C22841
4228,C19,C5030
4232,C94,C5030
4235,C1748,C5030
4238,C3030,C5030
4241,C2640,C706
4242,C1936,C2079
4247,C1936,C2079
4253,C2492,C457
4254,C3380,C22841
4255,C274,C1707
4260,C992,C1707
4262,C2438,C1685
4269,C2320,C5588
4273,C1243,C5030
4274,C3990,C706
4279,C5919,C26737
4280,C5919,C26737
4281,C5919,C26737
4281,C5919,C467
4282,C5919,C26737
4282,C5919,C467
4283,C5919,C26737
4284,C5919,C26737
4286,C3380,C22841
4286,C5919,C26737
4292,C25022,C1685
4293,C2303,C18810
4295,C5919,C26737
4296,C5919,C26737
4298,C5919,C26737
4299,C5919,C26737
4300,C5919,C26737
4301,C5919,C26737
4302,C5919,C26737
4304,C5919,C26737
4305,C5919,C26737
4309,C5919,C26737
4310,C5919,C26737
4312,C5919,C26737
4313,C2492,C457
4313,C5919,C26737
4314,C25759,C1685
4314,C25759,C1707
4314,C5919,C26737
4315,C5919,C26737
4316,C3380,C22841
4316,C5919,C26737
4318,C5919,C26737
4320,C5919,C26737
4321,C5919,C26737
4324,C5919,C26737
4325,C2798,C529
4325,C5919,C26737
4327,C25022,C5698
4327,C5919,C26737
4328,C5919,C26737
4329,C5919,C26737
4330,C5919,C26737
4331,C5919,C26737
4333,C5919,C26737
4334,C5919,C26737
4337,C5919,C26737
4338,C5919,C26737
4340,C1653,C5030
4340,C5919,C26737
4341,C5919,C26737
4342,C5919,C26737
4343,C5919,C26737
4344,C5919,C26737
4346,C1357,C1707
4346,C5919,C26737
4347,C2320,C467
4347,C3380,C22841
4347,C5919,C26737
4349,C5919,C26737
4350,C5919,C26737
4352,C5919,C26737
4353,C5919,C26737
4355,C5919,C26737
4356,C26743,C26743
4356,C5919,C26737
4357,C5919,C26737
4358,C5919,C26737
4360,C5919,C26737
4361,C5919,C26737
4362,C5919,C26737
4365,C5919,C26737
4366,C5919,C26737
4368,C5919,C26737
4369,C23931,C1685
4369,C23931,C1707
4369,C5919,C26737
4370,C5919,C26737
4371,C5919,C26737
4372,C5919,C26737
4373,C2492,C457
4373,C5919,C26737
4374,C2320,C467
4375,C5919,C26737
4376,C5919,C26737
4378,C3380,C22841
4378,C5919,C26737
4379,C1947,C5030
4379,C2798,C1685
4379,C5919,C26737
4381,C5919,C26737
4382,C17733,C359
4383,C5919,C26737
4384,C5919,C26737
4389,C3616,C5030
4396,C3026,C921
4396,C4600,C1707
4399,C894,C706
4405,C5638,C706
4408,C3380,C22841
4411,C1804,C706
4414,C4015,C5030
4425,C3629,C5030
4427,C1936,C1685
4433,C2492,C457
4436,C159,C706
4440,C3380,C22841
4441,C2493,C706
4442,C5919,C26737
4443,C5919,C26737
4445,C1748,C706
4445,C5913,C1685
4446,C5778,C625
4448,C5778,C625
4449,C5778,C625
4453,C5778,C625
4458,C3163,C5030
4458,C5778,C529
4459,C5778,C529
4465,C4722,C706
4467,C5778,C457
4469,C3380,C22841
4473,C2475,C5030
4476,C3030,C706
4477,C5778,C586
4478,C18345,C1685
4478,C18345,C1707
4479,C5778,C529
4487,C5778,C529
4489,C5111,C5030
4493,C1420,C706
4493,C2492,C457
4494,C5778,C529
4499,C2492,C457
4502,C1423,C1707
4502,C18184,C18184
4502,C3380,C22841
4502,C3496,C5030
4507,C5154,C706
4507,C5778,C457
4512,C5461,C5030
4512,C58,C706
4515,C2159,C706
4524,C2303,C18893
4526,C2827,C743
4526,C3544,C1707
4526,C5919,C26737
4527,C2299,C706
4527,C5919,C26737
4528,C5919,C26737
4528,C5919,C467
4529,C5919,C26737
4529,C5919,C467
4530,C3380,C22841
4530,C4835,C1685
4530,C5919,C26737
4531,C5919,C26737
4532,C4581,C706
4532,C5919,C26737
4533,C3204,C1707
4533,C5919,C26737
4535,C4653,C1707
4535,C5919,C26737
4536,C5919,C26737
4537,C3405,C1685
4537,C5919,C26737
4538,C5919,C26737
4539,C5919,C26737
4541,C2229,C1707
4541,C5919,C26737
4542,C5919,C26737
4543,C5919,C26737
4544,C5919,C26737
4545,C5919,C26737
4546,C2769,C706
4546,C5919,C26737
4547,C5919,C26737
4550,C5778,C1065
4551,C5778,C612
4553,C2492,C457
4554,C5778,C586
4555,C5778,C625
4557,C5919,C26737
4558,C5919,C26737
4559,C5919,C26737
4560,C5919,C26737
4563,C253,C706
4564,C3380,C22841
4567,C3451,C1685
4571,C5332,C5030
4576,C3198,C1707
4580,C18636,C1707
4581,C18636,C1685
4582,C5332,C612
4583,C4517,C612
4585,C2735,C1685
4585,C920,C1065
4590,C5778,C1685
4591,C3026,C5030
4591,C3380,C22841
4593,C5778,C1685
4597,C4081,C706
4601,C5778,C625
4608,C4550,C1707
4610,C5778,C586
4611,C5778,C529
4613,C24436,C24436
4613,C2492,C457
4616,C5778,C625
4617,C5778,C612
4618,C4616,C5030
4623,C13488,C1685
4626,C3380,C22841
4628,C4412,C1685
4631,C5919,C26737
4634,C5919,C26737
4635,C3026,C61
4639,C5919,C26737
4641,C5919,C26737
4645,C5919,C26737
4646,C920,C1685
4647,C2493,C2436
4649,C5919,C26737
4651,C2749,C5030
4652,C1748,C1685
4652,C3380,C22841
4652,C5919,C26737
4654,C5919,C26737
4657,C5919,C26737
4663,C5919,C26737
4665,C5919,C26737
4666,C17733,C1707
4668,C5919,C26737
4670,C5919,C26737
4670,C814,C1685
4673,C2492,C457
4673,C5919,C26737
4676,C4165,C706
4677,C4988,C1685
4677,C5919,C26737
4679,C5919,C26737
4681,C2278,C5030
4681,C5919,C26737
4684,C5919,C26737
4686,C5919,C26737
4688,C3380,C22841
4688,C657,C229
4690,C4367,C1685
4690,C5919,C26737
4693,C5919,C26737
4694,C5919,C26737
4694,C5919,C625
4695,C5919,C625
4696,C1804,C5030
4696,C24057,C1685
4696,C5919,C26737
4697,C5919,C26737
4698,C5919,C26737
4699,C5919,C26737
4700,C1515,C586
4703,C5919,C26737
4704,C2464,C706
4704,C5919,C26737
4705,C3260,C706
4705,C5919,C26737
4707,C2735,C706
4713,C3380,C22841
4714,C1645,C5030
4726,C453,C1707
4728,C1936,C5136
4731,C1954,C706
4733,C2492,C457
4737,C3380,C5136
4742,C4232,C706
4744,C3238,C706
4745,C3544,C706
4749,C1905,C706
4750,C3380,C22841
4754,C1624,C706
4759,C159,C1707
4762,C2798,C706
4772,C484,C5030
4774,C3380,C22841
4776,C1936,C1944
4787,C5583,C5030
4793,C2492,C457
4794,C1191,C102
4797,C608,C1707
4799,C2492,C457
4800,C709,C5030
4801,C1191,C626
4805,C2852,C1685
4812,C3380,C22841
4817,C3405,C1065
4826,C1191,C1685
4830,C1205,C1065
4830,C1205,C528
4830,C1205,C529
4830,C5893,C12534
4831,C2760,C706
4831,C5919,C706
4833,C5919,C706
4834,C5919,C706
4835,C3380,C22841
4840,C5778,C359
4841,C436,C706
4846,C3714,C706
4849,C4618,C706
4851,C709,C706
4853,C2492,C457
4856,C1506,C706
4859,C1205,C706
4861,C831,C1685
4861,C902,C706
4864,C24595,C1685
4864,C24595,C1707
4868,C1750,C5030
4868,C4618,C1707
4872,C2303,C1685
4874,C3380,C22841
4883,C3165,C529
4883,C3165,C706
4884,C3021,C5030
4886,C2021,C706
4886,C5279,C2436
4889,C4835,C706
4891,C3131,C5030
4896,C3380,C22841
4897,C3049,C706
4913,C154,C1707
4913,C2492,C457
4918,C3143,C1707
4923,C94,C1707
4924,C2517,C5030
4925,C2908,C706
4928,C4914,C706
4929,C3122,C706
4931,C1796,C1707
4935,C3380,C5640
4936,C3380,C22841
4938,C2320,C5588
4950,C337,C1685
4952,C4559,C706
4954,C122,C706
4954,C22442,C359
4957,C3380,C22841
4967,C5778,C612
4969,C1191,C5030
4969,C5778,C528
4972,C5778,C2109
4973,C2492,C457
4973,C5778,C529
4976,C5045,C706
4977,C5111,C1685
4978,C122,C1685
4996,C3990,C706
4998,C3380,C22841
5007,C194,C1707
5007,C843,C1685
5008,C5919,C1685
5010,C2303,C12588
5010,C4367,C706
5010,C5913,C586
5013,C5919,C1685
5014,C14244,C5698
5018,C3380,C22841
5020,C5919,C467
5021,C657,C706
5026,C5778,C529
5027,C5778,C586
5031,C1295,C706
5031,C5778,C625
5032,C5778,C528
5033,C2492,C457
5043,C2320,C467
5044,C5045,C5030
5045,C4077,C706
5050,C5043,C5030
5053,C4291,C1685
5060,C3380,C22841
5065,C1205,C1685
5079,C3380,C22841
5087,C1506,C1707
5089,C337,C706
5089,C5919,C26737
5091,C5919,C26737
5092,C5919,C26737
5093,C2492,C457
5093,C5919,C26737
5094,C4651,C231
5094,C5919,C26737
5095,C5919,C26737
5096,C5919,C26737
5097,C5919,C26737
5098,C5919,C26737
5099,C2492,C457
5101,C5919,C26737
5102,C5919,C26737
5104,C5919,C26737
5105,C5919,C26737
5106,C5919,C26737
5106,C5919,C467
5107,C3629,C706
5107,C5919,C26737
5107,C5919,C467
5108,C5919,C26737
5109,C5919,C26737
5110,C5919,C26737
5111,C5919,C26737
5112,C5919,C26737
5113,C5919,C26737
5114,C5919,C26737
5115,C5919,C26737
5116,C1191,C706
5116,C5919,C26737
5117,C2533,C706
5118,C5919,C26737
5119,C5919,C26737
5120,C5919,C26737
5121,C5919,C26737
5122,C3380,C22841
5122,C5919,C26737
5123,C2472,C5030
5124,C5919,C26737
5127,C5919,C26737
5128,C5919,C26737
5130,C5919,C26737
5131,C5919,C26737
5132,C2514,C467
5132,C5919,C26737
5133,C3381,C706
5133,C5919,C26737
5134,C5919,C26737
5135,C2475,C706
5135,C5919,C26737
5136,C3990,C5030
5137,C5919,C26737
5138,C5919,C26737
5139,C5919,C26737
5140,C3380,C22841
5140,C5919,C26737
5141,C5919,C26737
5143,C5919,C26737
5144,C2464,C5030
5144,C5919,C26737
5145,C5919,C26737
5146,C5919,C26737
5147,C5919,C26737
5148,C4581,C5030
5148,C5919,C26737
5149,C5919,C26737
5152,C5919,C26737
5153,C2492,C457
5154,C5919,C26737
5155,C3260,C5030
5155,C5919,C26737
5156,C5635,C1685
5156,C5919,C26737
5157,C5919,C26737
5158,C5919,C26737
5159,C5919,C26737
5160,C3587,C706
5160,C5919,C26737
5162,C5919,C26737
5163,C5919,C26737
5164,C5919,C26737
5165,C5919,C26737
5166,C2852,C5030
5166,C5919,C26737
5169,C5919,C26737
5170,C5919,C26737
5171,C5919,C26737
5172,C5919,C26737
5173,C5919,C26737
5174,C1435,C1707
5174,C5919,C26737
5175,C5919,C26737
5176,C5919,C26737
5177,C4291,C1944
5177,C5919,C26737
5178,C5919,C26737
5179,C5919,C26737
5180,C5919,C26737
5181,C4412,C528
5181,C5919,C26737
5182,C5919,C26737
5184,C3380,C22841
5194,C14244,C15539
5201,C3380,C22841
5201,C5902,C1685
5213,C2492,C457
5217,C94,C706
5220,C2438,C1867
5220,C453,C706
5226,C768,C529
5229,C1108,C1685
5238,C4297,C5030
5242,C2798,C1685
5244,C4232,C5030
5245,C4515,C706
5246,C1191,C1685
5246,C3380,C22841
5248,C1357,C1707
5248,C768,C586
5252,C2604,C706
5262,C3380,C22841
5266,C4600,C359
5273,C2492,C457
5273,C3444,C2436
5277,C3238,C1685
5278,C768,C1065
5281,C2798,C1685
5281,C3629,C1685
5283,C64,C706
5290,C2871,C1685
5303,C24806,C1685
5303,C5919,C26737
5304,C24806,C1707
5304,C5919,C26737
5305,C3204,C612
5305,C5919,C26737
5306,C22442,C359
5306,C5919,C26737
5307,C5919,C26737
5308,C3380,C22841
5309,C5919,C26737
5310,C5919,C26737
5311,C5919,C26737
5312,C5919,C26737
5314,C3534,C2174
5316,C2908,C5030
5317,C1006,C5030
5317,C5919,C26737
5319,C5919,C26737
5321,C3380,C22841
5322,C1515,C5030
5328,C2472,C1707
5329,C23931,C23931
5329,C657,C5030
5333,C2492,C457
5333,C4513,C706
5334,C2492,C457
5335,C5893,C1685
5338,C337,C467
5343,C1796,C5030
5347,C3044,C706
5348,C9201,C1685
5348,C9201,C1707
5349,C5913,C1685
5350,C5913,C1685
5365,C2517,C706
5366,C1142,C1065
5367,C1006,C706
5370,C3380,C22841
5372,C23640,C1685
5372,C23640,C1707
5381,C4753,C5030
5384,C3380,C22841
5389,C3457,C706
5394,C2492,C457
5399,C2492,C457
5400,C421,C1065
5401,C1191,C419
5404,C5778,C1065
5405,C5778,C612
5406,C1748,C625
5407,C5778,C1065
5407,C5778,C467
5411,C2772,C5030
5419,C1800,C706
5421,C5638,C5030
5422,C3869,C1707
5425,C1453,C5030
5430,C421,C1065
5432,C3380,C22841
5432,C4835,C1707
5441,C2299,C5030
5443,C1936,C2079
5443,C4517,C706
5445,C3380,C22841
5449,C161,C5736
5450,C4550,C5030
5454,C2492,C457
5459,C1936,C2079
5459,C2303,C23356
5459,C3906,C1707
5464,C5778,C457
5464,C5778,C586
5466,C5778,C529
5467,C3374,C706
5467,C5778,C586
5472,C366,C5030
5475,C1928,C5030
5475,C4233,C706
5479,C3198,C1707
5487,C3906,C706
5490,C843,C1685
5494,C2533,C467
5494,C3380,C22841
5499,C315,C5030
5503,C5778,C1685
5504,C2492,C457
5506,C3380,C22841
5507,C5778,C625
5514,C2492,C457
5521,C13488,C1685
5522,C13488,C1707
5524,C375,C706
5524,C5461,C706
5529,C4015,C1707
5537,C4508,C706
5541,C3496,C706
5545,C5461,C1707
5549,C920,C1685
5556,C3380,C22841
5556,C3990,C612
5562,C1515,C1685
5564,C58,C1707
5567,C3380,C22841
5570,C2021,C5030
5571,C2475,C1707
5572,C814,C1685
5574,C2492,C457
5587,C3235,C5030
5592,C64,C1707
5593,C64,C1707
5594,C806,C1707
5600,C2480,C706
5600,C366,C1685
5602,C154,C359
5605,C2320,C5588
5618,C3030,C1707
5618,C3380,C22841
5621,C3380,C22841
5625,C2496,C5030
5628,C453,C1707
5632,C5358,C1707
5634,C2492,C457
5639,C4722,C2436
5640,C1295,C5030
5660,C3163,C706
5660,C3204,C5030
5662,C4352,C1707
5663,C2604,C5030
5663,C3380,C25295
5663,C3380,C5728
5664,C814,C5030
5668,C2772,C706
5669,C375,C5030
5673,C4722,C5030
5680,C3380,C22841
5687,C4081,C1685
5689,C3380,C22841
5691,C2303,C11096
5692,C843,C706
5694,C2492,C457
5695,C4254,C706
5699,C2492,C457
5700,C5186,C706
5701,C1357,C586
5702,C4131,C5030
5704,C3049,C5030
5710,C2320,C467
5710,C5323,C706
5716,C3026,C921
5717,C2493,C5030
5728,C1191,C1685
5729,C22442,C359
5730,C1928,C706
5736,C4651,C5030
5738,C1423,C706
5742,C3380,C22841
5748,C902,C5030
5749,C3235,C706
5750,C3380,C22841
5754,C2492,C457
5755,C902,C1685
5763,C831,C1685
5770,C4722,C1685
5778,C4550,C706
5781,C2077,C1685
5783,C3869,C706
5784,C3165,C529
5784,C3165,C706
5787,C3380,C798
5790,C1692,C706
5791,C2683,C5030
5804,C3380,C22841
5811,C3380,C22841
5814,C2492,C457
5815,C154,C1707
5815,C5902,C706
5822,C3143,C1707
5824,C14244,C1797
5829,C5778,C625
5830,C5778,C457
5830,C768,C529
5831,C768,C529
5832,C5778,C457
5832,C5778,C528
5837,C1357,C706
5837,C1947,C706
5838,C4367,C612
5851,C3238,C5721
5851,C3238,C585
5855,C768,C586
5856,C122,C5030
5857,C4271,C1685
5865,C3380,C25294
5866,C3380,C22841
5871,C608,C5030
5872,C3380,C22841
5874,C2492,C457
5882,C1420,C1685
5885,C768,C1065
5887,C4165,C5030
5888,C4835,C5030
5888,C5778,C2109
5888,C657,C229
5889,C5778,C612
5891,C5778,C1065
5891,C5778,C2109
5896,C2827,C1685
5904,C4112,C5030
5909,C4297,C1707
5910,C2480,C2479
5910,C843,C1685
5914,C14244,C16950
5915,C4271,C5030
5921,C17065,C1685
5922,C17065,C1707
5922,C2303,C17303
5927,C27086,C1685
5928,C3380,C22841
5930,C282,C706
5931,C2299,C1685
5933,C3380,C22841
5934,C2492,C457
5936,C4914,C1685
5938,C3336,C1685
5941,C2321,C706
5951,C4988,C706
5959,C4015,C528
5959,C4015,C586
5963,C2769,C1707
5969,C1645,C1685
5976,C19131,C19131
5976,C1936,C1944
5987,C4651,C706
5990,C1506,C1707
5990,C3380,C22841
5994,C2492,C457
5994,C3380,C22841
5999,C2492,C457
6027,C2989,C706
6033,C2749,C1685
6035,C4858,C706
6038,C2303,C706
6041,C5323,C1707
6052,C3380,C22841
6054,C2492,C457
6055,C3380,C22841
6057,C274,C1707
6062,C5279,C5030
6063,C992,C1707
6067,C2438,C1685
6073,C768,C529
6076,C409,C5030
6077,C3587,C5030
6094,C25022,C1685
6098,C768,C586
6111,C5358,C706
6114,C2492,C457
6114,C3380,C22841
6116,C3380,C22841
6116,C3451,C706
6117,C161,C706
6123,C2548,C5030
6123,C3616,C706
6127,C3869,C3761
6128,C768,C1065
6133,C274,C5030
6134,C16640,C16640
6144,C631,C5030
6149,C1357,C1707
6152,C2090,C586
6155,C18345,C359
6155,C2850,C5030
6158,C1435,C706
6172,C4412,C706
6174,C2492,C457
6175,C16137,C1685
6176,C16137,C1707
6176,C3380,C22841
6177,C3380,C22841
6178,C3380,C22841
6179,C4858,C5030
6183,C2798,C1685
6184,C2749,C706
6202,C3869,C5030
6213,C1423,C5030
6222,C2548,C706
6229,C4616,C1685
6230,C1936,C1685
6234,C2492,C457
6235,C5893,C1707
6238,C3380,C22841
6238,C5893,C1685
6239,C3380,C22841
6240,C3380,C22841
6241,C3380,C22841
6241,C3457,C1707
6242,C3044,C5030
6248,C5778,C625
6249,C5778,C1065
6250,C5778,C529
6251,C5332,C5721
6251,C5778,C467
6253,C5332,C585
6256,C2229,C706
6256,C3544,C5030
6269,C3440,C1685
6272,C831,C706
6273,C2320,C5588
6283,C154,C1707
6283,C3694,C706
6284,C1653,C706
6290,C2517,C3761
6294,C2492,C457
6298,C806,C5030
6299,C2492,C457
6300,C3380,C22841
6301,C3380,C22841
6302,C3380,C22841
6307,C1423,C1707
6307,C2626,C706
6307,C831,C1685
6308,C5778,C1065
6309,C5778,C612
6311,C5778,C625
6312,C4015,C706
6312,C4131,C706
6312,C5778,C529
6318,C2493,C1707
6322,C4559,C5030
6330,C2087,C2109
6330,C2087,C529
6330,C2087,C586
6331,C4254,C5030
6335,C992,C706
6343,C2584,C1685
6344,C2229,C1707
6354,C2492,C457
6358,C4858,C1685
6360,C3380,C22841
6362,C3380,C22841
6363,C3380,C22841
6364,C3380,C22841
6377,C4291,C1944
6378,C2320,C467
6382,C3198,C1707
6383,C3204,C706
6387,C3405,C706
6389,C3380,C2013
6390,C421,C706
6393,C1435,C612
6400,C2438,C5030
6402,C5045,C1707
6405,C3444,C5030
6406,C3381,C1707
6407,C3380,C2013
6407,C5778,C1685
6408,C5778,C1685
6409,C5778,C625
6412,C1624,C5030
6414,C2492,C457
6415,C1800,C1707
6419,C3440,C5030
6420,C2229,C586
6421,C1804,C1707
6421,C3380,C22841
6422,C4077,C1685
6424,C3380,C22841
6428,C2850,C706
6435,C2852,C706
6442,C4600,C706
6448,C3122,C1707
6454,C1357,C1707
6455,C3616,C1685
6458,C1453,C706
6462,C2626,C585
6463,C2626,C743
6465,C194,C706
6467,C4643,C5720
6467,C4643,C585
6468,C4515,C1707
6472,C3143,C706
6473,C814,C1685
6474,C2492,C457
6478,C2827,C706
6480,C4377,C706
6482,C3380,C22841
6483,C3380,C22167
6486,C3380,C22841
6501,C843,C5030
6512,C3484,C1685
6521,C3380,C22841
6521,C3664,C706
6523,C4377,C5030
6529,C2480,C5030
6531,C453,C1707
6534,C2492,C457
6538,C4914,C5030
6539,C154,C706
6542,C3616,C586
6548,C3380,C22841
6555,C4352,C5030
6564,C159,C1707
6566,C3143,C1707
6571,C2626,C706
6576,C2668,C706
6579,C2893,C706
6585,C2032,C706
6585,C2436,C706
6590,C2090,C586
6594,C2492,C457
6598,C3336,C706
6599,C2492,C457
6602,C3440,C2436
6603,C608,C1707
6604,C3380,C22841
6605,C1796,C467
6606,C3198,C1707
6607,C4377,C1707
6610,C3380,C22841
6616,C1300,C706
6616,C4291,C5030
6619,C2683,C706
6630,C1191,C1685
6630,C354,C706
6643,C1936,C2079
6643,C814,C1685
6644,C18345,C359
6646,C3554,C467
6654,C2492,C457
6657,C14343,C1685
6660,C5778,C586
6661,C5778,C2109
6662,C5154,C1707
6662,C5778,C2109
6663,C5778,C1065
6665,C3380,C22841
6665,C831,C1685
6667,C881,C5030
6668,C3629,C1065
6671,C4291,C706
6672,C1295,C1685
6672,C1750,C1707
6672,C3380,C22841
6676,C421,C1065
6679,C1936,C2079
6679,C4112,C706
6681,C768,C529
6684,C3165,C529
6684,C3165,C706
6700,C3587,C1685
6701,C64,C5030
6706,C421,C1065
6706,C768,C586
6714,C2492,C457
6717,C154,C1707
6717,C5778,C586
6718,C5778,C467
6720,C1754,C706
6720,C4297,C706
6720,C5778,C586
6721,C5778,C612
6725,C3143,C1707
6726,C3380,C22841
6727,C94,C1707
6734,C3380,C22841
6736,C768,C1065
6737,C1796,C1707
6737,C3254,C706
6741,C4653,C706
6747,C1191,C419
6747,C453,C5030
6749,C5111,C706
6754,C337,C1685
6754,C436,C5030
6770,C3694,C1685
6771,C3381,C5030
6774,C2492,C457
6781,C5111,C1685
6782,C122,C1685
6784,C1692,C1707
6787,C3380,C22841
6789,C2472,C706
6790,C2769,C5030
6791,C5323,C5030
6793,C2321,C5030
6795,C1515,C706
6795,C4352,C706
6796,C3380,C22841
6800,C3381,C1065
6800,C3381,C625
6802,C3381,C5721
6812,C194,C1707
6812,C843,C1685
6815,C2683,C585
6818,C2683,C46
6819,C2683,C743
6821,C3380,C22841
6828,C27086,C1685
6829,C27086,C1707
6834,C2492,C457
6840,C274,C706
6855,C4291,C1685
6856,C3122,C5030
6858,C3380,C22841
6868,C1205,C1685
6869,C2871,C706
6871,C1300,C5030
6874,C515,C706
6874,C768,C706
6893,C1506,C1707
6894,C2492,C457
6896,C831,C5030
6899,C2492,C457
6909,C3380,C22841
6920,C3380,C22841
6937,C920,C706
6940,C1796,C706
6940,C1936,C706
6942,C2320,C5588
6943,C2090,C457
6954,C2492,C457
6959,C2989,C1707
6970,C3380,C22841
6974,C4753,C1707
6976,C1435,C1707
6977,C5279,C706
6980,C992,C5030
6982,C3380,C22841
6982,C409,C706
6985,C2303,C5030
6990,C1506,C5030
6995,C4988,C5030
6998,C159,C359
7001,C2827,C5030
7003,C2496,C706
7007,C5902,C1685
7008,C5902,C1685
7011,C5337,C706
7015,C2492,C457
7031,C3380,C22841
7032,C1108,C1685
7036,C3026,C921
7043,C2278,C1707
7044,C3380,C22841
7047,C2320,C467
7051,C1357,C1707
7059,C3534,C706
7060,C18345,C359
7062,C5778,C612
7062,C5778,C625
7064,C5778,C586
7065,C5778,C1065
7071,C3044,C1707
7072,C3496,C586
7075,C2492,C457
7080,C1243,C706
7084,C3629,C1685
7085,C2798,C1685
7088,C657,C229
7089,C194,C467
7090,C20312,C1685
7090,C20312,C1707
7092,C3380,C22841
7092,C3484,C5030
7095,C1645,C706
7096,C4693,C706
7097,C1905,C529
7105,C4618,C5030
7106,C3380,C22841
7111,C421,C5030
7112,C2159,C5030
7119,C814,C706
7121,C3380,C22841
7122,C5778,C2109
7123,C5778,C467
7126,C5778,C467
7127,C5778,C625
7129,C3143,C5030
7131,C4753,C706
7135,C2492,C457
7145,C2480,C1707
7151,C3254,C1707
7151,C806,C706
7155,C3026,C606
7160,C3374,C1707
7168,C3380,C22841
7168,C4254,C1685
7180,C161,C359
7189,C4271,C706
7195,C2492,C457
7197,C3238,C5030
7199,C2492,C457
7202,C5782,C16712
7203,C3457,C5030
7203,C366,C368
7205,C2668,C5030
7214,C3380,C22841
7219,C2459,C5030
7230,C3380,C22841
7238,C2428,C529
7242,C2428,C2109
7242,C2428,C467
7246,C2428,C529
7249,C5778,C706
7253,C608,C706
7255,C2492,C457
7262,C1936,C1944
7262,C26743,C26743
7263,C24436,C24436
7265,C1108,C706
7265,C5902,C359
7267,C421,C1065
7269,C2472,C1710
7275,C3380,C22841
7278,C2428,C1685
7279,C2517,C1707
7279,C4653,C5030
7284,C3198,C1707
7285,C2436,C5030
7288,C1102,C2109
7291,C4651,C1707
7292,C3380,C22841
7297,C421,C1065
7298,C2428,C1065
7298,C2428,C528
7298,C2428,C586
7298,C2428,C612
7301,C2428,C1685
7304,C2492,C457
7308,C3381,C1685
7311,C5778,C625
7313,C5778,C1685
7315,C2492,C457
7324,C1954,C5030
7336,C2428,C5030
7336,C3380,C22841
7343,C2514,C706
7346,C881,C706
7354,C3380,C22841
7354,C920,C1685
7364,C4616,C706
7368,C58,C1707
7369,C1515,C1685
7370,C5279,C1685
7373,C484,C706
7374,C2533,C1685
7375,C2492,C457
7375,C3198,C706
7375,C814,C1685
7378,C4618,C231
7379,C4254,C743
7391,C2464,C1707
7394,C13023,C1685
7395,C13023,C1707
7397,C3380,C22841
7397,C64,C1707
7399,C24057,C1707
7399,C806,C1707
7403,C2428,C706
7405,C366,C1685
7407,C4081,C5030
7416,C3380,C22841
7421,C3380,C22841
7423,C3484,C706
7434,C453,C1707
7435,C2459,C706
7435,C2492,C457
7436,C366,C706
7444,C2626,C1685
7444,C2683,C1685
7451,C18636,C3953
7452,C18636,C96
7452,C2850,C359
7456,C2760,C5030
7458,C3694,C625
7464,C5778,C612
7465,C5778,C2109
7466,C2584,C706
7467,C5778,C529
7467,C5778,C586
7471,C1928,C1707
7478,C3380,C22841
7495,C2492,C457
7499,C2492,C457
7505,C2735,C5030
7519,C3380,C22841
7520,C4693,C5030
7525,C5778,C625
7526,C5778,C586
7528,C5778,C1065
7529,C5778,C2109
7532,C1191,C1685
7532,C4367,C5030
7540,C3380,C22841
7541,C9201,C9201
7549,C4559,C1685
7555,C2492,C457
7556,C2438,C706
7560,C902,C1685
7564,C14921,C14921
7567,C831,C1685
7568,C1142,C706
7569,C2548,C2548
7572,C2278,C706
7575,C1750,C1685
7575,C2090,C586
7577,C4291,C1944
7580,C3380,C22841
7584,C3165,C529
7584,C3165,C706
7590,C3664,C5030
7591,C4131,C1685
7596,C3444,C706
7598,C4835,C2436
7602,C3380,C22841
7610,C2320,C5588
7615,C2492,C457
7616,C5176,C706
7619,C154,C1707
7621,C4653,C467
7627,C3143,C1707
7635,C18345,C18345
7641,C3380,C22841
7645,C2320,C5640
7663,C337,C5030
7664,C3380,C22841
7671,C3021,C706
7675,C2492,C457
7685,C1420,C1685
7692,C1191,C456
7700,C2827,C1685
7702,C3380,C22841
7702,C3451,C5030
7705,C515,C5030
7710,C1102,C2109
7714,C843,C1685
7715,C2320,C467
7716,C2769,C1533
7726,C3380,C22841
7732,C453,C1707
7735,C2299,C1685
7735,C2492,C457
7736,C25059,C1685
7736,C25059,C1707
7755,C5782,C10293
7756,C5176,C5030
7757,C2159,C586
7763,C3380,C22841
7765,C22976,C1685
7765,C22976,C1707
7775,C1645,C1685
7776,C1645,C1685
7787,C631,C706
7788,C3380,C22841
7795,C2492,C457
7796,C1506,C1707
7796,C253,C5030
7799,C194,C5030
7799,C2492,C457
7807,C1750,C706
7807,C308,C457
7817,C2640,C5030
7824,C3380,C22841
7826,C4508,C5030
7842,C2640,C706
7843,C19517,C1685
7843,C19517,C1707
7844,C1936,C2079
7846,C1936,C2079
7850,C3380,C22841
7855,C2492,C457
7860,C1748,C5030
7860,C274,C1707
7866,C992,C1707
7872,C2438,C1685
7876,C3030,C5030
7876,C3990,C706
7881,C94,C5030
7882,C1243,C5030
7885,C3380,C22841
7893,C5778,C625
7894,C5778,C2109
7896,C25022,C1685
7896,C5778,C1065
7896,C5778,C625
7912,C3380,C22841
7915,C2492,C457
7935,C1653,C529
7936,C1653,C612
7945,C308,C5030
7946,C1653,C586
7946,C3380,C22841
7947,C2320,C467
7952,C5778,C529
7952,C5778,C586
7953,C1357,C1707
7954,C5778,C528
7955,C19,C457
7955,C5778,C467
7956,C26743,C26743
7962,C1653,C457
7973,C23931,C1707
7974,C3380,C22841
7975,C2492,C457
7976,C3554,C529
7978,C421,C1065
7986,C894,C586
7987,C2798,C1685
7993,C1653,C5030
7999,C894,C706
8007,C3380,C22841
8007,C5638,C706
8008,C421,C1065
8010,C4600,C1707
8012,C1804,C706
8031,C1947,C5030
8033,C1936,C1685
8035,C2492,C457
8036,C159,C706
8036,C3380,C22841
8041,C2493,C706
8042,C5381,C5030
8042,C5381,C529
8042,C5381,C612
8046,C3616,C5030
8047,C1748,C706
8057,C2303,C2109
8063,C4722,C706
8068,C3380,C22841
8070,C4015,C5030
8074,C3163,C5030
8078,C3030,C706
8082,C2475,C5030
8091,C3629,C5030
8093,C1420,C706
8095,C2492,C457
8098,C3380,C22841
8099,C2492,C457
8107,C5154,C706
8109,C5638,C1707
8112,C1191,C419
8112,C1423,C1707
8113,C58,C706
8114,C3607,C1685
8115,C3607,C1707
8117,C2159,C706
8127,C2299,C706
8128,C2827,C743
8129,C3380,C22841
8132,C4581,C706
8140,C3544,C1707
8143,C3204,C1707
8145,C4653,C1707
8146,C2769,C706
8147,C2229,C1707
8147,C3405,C1685
8153,C5461,C5030
8155,C2492,C457
8160,C3380,C22841
8162,C5111,C5030
8164,C19131,C1685
8164,C19131,C1707
8164,C3607,C3607
8165,C253,C706
8166,C436,C1065
8166,C436,C467
8173,C2677,C1707
8176,C3451,C1685
8187,C3198,C1707
8188,C17733,C359
8190,C3380,C22841
8195,C2735,C1685
8199,C4081,C706
8213,C24436,C24436
8214,C5778,C625
8215,C2492,C457
8217,C4550,C1707
8219,C5778,C1685
8220,C5778,C1685
8222,C3380,C22841
8229,C5332,C5030
8236,C4412,C1685
8251,C3380,C22841
8254,C14014,C1707
8255,C14014,C1685
8259,C4616,C5030
8263,C1748,C1685
8265,C23724,C1685
8266,C23724,C1707
8270,C17733,C1685
8272,C17733,C1685
8275,C2492,C457
8276,C814,C1685
8278,C4165,C706
8284,C3380,C22841
8286,C2278,C5030
8286,C4988,C1685
8288,C657,C229
8289,C2749,C5030
8294,C5358,C467
8296,C13023,C1685
8296,C13023,C1707
8299,C1804,C5030
8300,C4367,C1685
8301,C24057,C1685
8304,C2464,C706
8306,C3260,C706
8309,C2735,C706
8312,C3380,C22841
8313,C2320,C5640
8322,C768,C528
8329,C1936,C5136
8333,C1954,C706
8335,C2492,C457
8336,C5778,C528
8336,C5778,C529
8337,C453,C1707
8338,C3380,C5136
8338,C5778,C586
8339,C5778,C612
8340,C1645,C5030
8343,C4232,C706
8343,C768,C612
8346,C3238,C706
8346,C3380,C22841
8347,C3544,C706
8351,C1905,C706
8359,C1624,C706
8362,C2798,C706
8370,C159,C1707
8373,C3380,C22841
8384,C2320,C467
8394,C1191,C102
8395,C2492,C457
8395,C5778,C528
8396,C5778,C625
8398,C5778,C529
8398,C5778,C612
8399,C2492,C457
8400,C484,C5030
8408,C3380,C22841
8409,C608,C1707
8415,C2852,C1685
8430,C2760,C706
8430,C709,C5030
8434,C1191,C1685
8434,C3380,C22841
8441,C436,C706
8444,C14646,C1685
8444,C14646,C1707
8448,C3714,C706
8450,C4618,C706
8451,C709,C706
8455,C2492,C457
8456,C1506,C706
8459,C1205,C706
8460,C14343,C1707
8461,C902,C706
8469,C831,C1685
8470,C3380,C22841
8482,C4618,C1707
8484,C3165,C529
8484,C3165,C706
8485,C2303,C1685
8487,C5904,C5904
8488,C2021,C706
8489,C4835,C706
8495,C3380,C22841
8498,C3049,C706
8515,C2492,C457
8521,C154,C1707
8527,C2908,C706
8528,C1308,C754
8529,C3122,C706
8530,C3143,C1707
8530,C4914,C706
8532,C3380,C22841
8532,C94,C1707
8536,C3380,C5640
8539,C3021,C5030
8542,C1796,C1707
8551,C5778,C359
8554,C122,C706
8554,C4559,C706
8556,C3380,C22841
8558,C3131,C5030
8559,C337,C1685
8565,C2517,C5030
8568,C17733,C359
8575,C2492,C457
8575,C3694,C1707
8577,C5045,C706
8584,C14244,C5698
8585,C1191,C5030
8585,C5111,C1685
8586,C122,C1685
8594,C3380,C22841
8598,C3990,C706
8612,C4367,C706
8616,C194,C1707
8617,C3380,C22841
8617,C843,C1685
8621,C657,C706
8631,C1295,C706
8635,C3544,C2109
8636,C2492,C457
8646,C4077,C706
8656,C3380,C22841
8658,C2438,C1867
8658,C4291,C1685
8671,C1205,C1685
8671,C1936,C1944
8678,C1653,C529
8678,C3380,C22841
8688,C16137,C16137
8689,C1506,C1707
8689,C337,C706
8696,C2492,C457
8699,C1506,C1707
8699,C2492,C457
8700,C5045,C5030
8707,C3629,C706
8716,C1191,C706
8718,C3380,C22841
8719,C2533,C706
8722,C2459,C528
8733,C3381,C706
8736,C2475,C706
8738,C5778,C2109
8739,C3380,C22841
8739,C5778,C612
8740,C5778,C529
8741,C5778,C528
8756,C2492,C457
8760,C3587,C706
8764,C14244,C15539
8773,C2464,C5030
8773,C3990,C5030
8777,C1300,C529
8777,C4291,C1944
8779,C1435,C1707
8780,C3380,C22841
8781,C2472,C5030
8795,C3260,C5030
8797,C5778,C586
8798,C5778,C625
8800,C3380,C22841
8800,C5778,C457
8800,C5778,C528
8813,C5902,C1685
8814,C5902,C1685
8815,C4581,C5030
8816,C2492,C457
8817,C94,C706
8820,C453,C706
8835,C1108,C1685
8838,C2852,C5030
8842,C3380,C22841
8844,C2798,C1685
8846,C4515,C706
8847,C1191,C1685
8852,C2604,C706
8854,C1357,C1707
8858,C1308,C1685
8862,C3380,C22841
8875,C23931,C1685
8875,C23931,C1707
8876,C2492,C457
8877,C4297,C5030
8880,C3238,C1685
8883,C64,C706
8887,C3629,C1685
8888,C2798,C1685
8898,C2871,C1685
8904,C3380,C22841
8907,C4232,C5030
8914,C3534,C2174
8921,C3380,C22841
8933,C4513,C706
8934,C2472,C1707
8936,C2492,C457
8943,C768,C529
8944,C768,C529
8948,C17733,C359
8948,C4600,C359
8949,C3044,C706
8952,C9201,C1685
8952,C9201,C1707
8966,C3380,C22841
8967,C1006,C706
8967,C2517,C706
8968,C768,C586
8981,C2320,C5640
8982,C18345,C1685
8982,C18345,C1707
8984,C3380,C22841
8990,C3457,C706
8994,C657,C5030
8995,C4616,C2436
8996,C2492,C457
8998,C768,C1065
8999,C2492,C457
9002,C18184,C18184
9006,C1796,C5030
9010,C1515,C5030
9015,C2772,C5030
9021,C1006,C5030
9021,C1800,C706
9021,C2908,C5030
9028,C3380,C22841
9030,C4753,C5030
9031,C3165,C5030
9031,C3869,C1707
9041,C4835,C1707
9044,C1936,C2079
9044,C4517,C706
9045,C3380,C22841
9051,C2320,C467
9056,C2492,C457
9059,C1936,C2079
9064,C4233,C706
9068,C3374,C706
9069,C3906,C1707
9072,C2299,C5030
9084,C18636,C1707
9085,C18636,C1685
9086,C5638,C5030
9089,C3906,C706
9090,C3198,C1707
9090,C3380,C22841
9091,C843,C1685
9095,C4550,C5030
9104,C2492,C457
9106,C3380,C22841
9107,C1453,C5030
9116,C2492,C457
9116,C5778,C625
9124,C375,C706
9125,C13488,C1685
9125,C5461,C706
9126,C5778,C1685
9127,C1928,C5030
9135,C366,C5030
9136,C5638,C1685
9136,C5778,C1065
9137,C5778,C2109
9138,C4015,C1707
9138,C4508,C706
9139,C5778,C2109
9140,C315,C5030
9140,C5778,C612
9141,C1006,C586
9143,C3496,C706
9152,C3380,C22841
9156,C5461,C1707
9159,C920,C1685
9167,C3380,C22841
9171,C17733,C1707
9171,C58,C1707
9176,C1515,C1685
9176,C2492,C457
9178,C814,C1685
9181,C2475,C1707
9185,C337,C419
9189,C1308,C5030
9197,C5778,C529
9198,C5778,C528
9200,C5778,C2109
9200,C5778,C467
9201,C2480,C706
9202,C64,C1707
9204,C806,C1707
9206,C2021,C5030
9210,C366,C1685
9214,C3380,C22841
9221,C3380,C22841
9229,C3030,C1707
9236,C2492,C457
9239,C453,C1707
9242,C5358,C1707
9252,C3235,C5030
9262,C3163,C706
9263,C3380,C25295
9263,C3380,C5728
9270,C2090,C586
9270,C2772,C706
9275,C4352,C1707
9275,C5043,C706
9276,C3380,C22841
9277,C657,C231
9282,C3869,C467
9282,C421,C1065
9289,C3380,C22841
9292,C843,C706
9295,C1295,C5030
9296,C2492,C457
9296,C4254,C706
9299,C2492,C457
9299,C4081,C1685
9301,C1191,C626
9302,C5186,C706
9306,C814,C5030
9310,C375,C5030
9312,C421,C1065
9312,C5323,C706
9315,C3204,C5030
9320,C2496,C5030
9326,C4722,C5030
9332,C1928,C706
9334,C2604,C5030
9336,C1191,C1685
9338,C1423,C706
9338,C3380,C22841
9350,C3380,C22841
9351,C3235,C706
9352,C154,C359
9356,C2492,C457
9364,C902,C1685
9368,C24595,C1707
9369,C24595,C1685
9371,C4131,C5030
9372,C3049,C5030
9372,C4722,C1685
9372,C831,C1685
9380,C4550,C706
9384,C3165,C529
9384,C3165,C706
9385,C3869,C706
9389,C3380,C798
9390,C2077,C1685
9391,C1692,C706
9394,C14244,C1797
9396,C4254,C529
9400,C3380,C22841
9403,C902,C5030
9411,C3380,C22841
9415,C5902,C706
9416,C2492,C457
9420,C4722,C467
9423,C154,C1707
9425,C2493,C5030
9427,C4651,C5030
9428,C4515,C467
9433,C3143,C1707
9437,C1357,C706
9437,C1947,C706
9462,C3380,C22841
9467,C3380,C25294
9467,C4271,C1685
9472,C3380,C22841
9476,C2492,C457
9484,C14244,C16950
9488,C1420,C1685
9488,C657,C229
9498,C122,C5030
9505,C2827,C1685
9519,C843,C1685
9522,C4297,C1707
9524,C3021,C2436
9524,C3380,C22841
9526,C4112,C5030
9530,C282,C706
9531,C5778,C467
9531,C5778,C529
9533,C3380,C22841
9533,C5778,C457
9534,C5778,C625
9536,C2492,C457
9536,C608,C5030
9540,C2299,C1685
9541,C2321,C706
9548,C4914,C1685
9549,C3336,C1685
9551,C4988,C706
9556,C3026,C921
9559,C14678,C612
9560,C4835,C5030
9565,C4165,C5030
9569,C768,C529
9570,C768,C529
9571,C768,C529
9573,C2769,C1707
9581,C1645,C1685
9583,C4271,C5030
9586,C3380,C22841
9587,C4651,C706
9591,C5778,C528
9592,C5778,C612
9594,C3380,C22841
9594,C5778,C612
9594,C768,C586
9595,C5778,C467
9596,C2492,C457
9599,C2492,C457
9601,C1191,C419
9602,C1506,C1707
9606,C2626,C625
9624,C768,C1065
9628,C2989,C706
9632,C5778,C625
9633,C5778,C625
9634,C5778,C612
9638,C4858,C706
9638,C5778,C625
9639,C2303,C706
9639,C5778,C457
9643,C5778,C586
9646,C5323,C1707
9647,C5778,C612
9648,C3380,C22841
9649,C2320,C5640
9651,C5778,C612
9653,C2480,C2479
9655,C3380,C22841
9656,C2492,C457
9656,C2749,C1685
9662,C274,C1707
9664,C5778,C625
9669,C992,C1707
9677,C2438,C1685
9695,C5279,C5030
9698,C25022,C1685
9706,C409,C5030
9710,C3380,C22841
9713,C3544,C528
9713,C5358,C706
9716,C2492,C457
9716,C3380,C22841
9717,C161,C706
9718,C3451,C706
9719,C2320,C467
9725,C3616,C706
9729,C453,C1065
9729,C453,C529
9730,C453,C467
9742,C3587,C5030
9745,C421,C1065
9756,C1357,C1707
9757,C2683,C5030
9758,C1435,C706
9758,C274,C5030
9759,C631,C5030
9771,C2548,C5030
9772,C3380,C22841
9772,C4412,C706
9773,C122,C2109
9775,C421,C1065
9775,C423,C61
9776,C2492,C457
9777,C3380,C22841
9786,C2749,C706
9790,C2798,C1685
9810,C24806,C1685
9810,C24806,C1707
9823,C2548,C706
9830,C4616,C1685
9831,C3451,C5720
9833,C3451,C585
9834,C3380,C22841
9836,C1936,C1685
9836,C2492,C457
9838,C3380,C22841
9839,C4233,C586
9845,C1423,C5030
9850,C3457,C1707
9850,C423,C1707
9856,C2229,C706
9865,C3869,C5030
9871,C4858,C5030
9872,C831,C706
9876,C1936,C1944
9876,C23640,C1685
9877,C23640,C1707
9878,C3440,C1685
9884,C154,C1707
9884,C1653,C706
9885,C3694,C706
9896,C2492,C457
9896,C3380,C22841
9899,C2492,C457
9899,C3380,C22841
9902,C18184,C18184
9904,C2032,C467
9908,C2626,C706
9909,C831,C1685
9910,C3374,C5721
9911,C3044,C5030
9912,C4131,C706
9914,C4015,C706
9916,C1423,C1707
9923,C3544,C5030
9924,C5778,C528
9924,C5778,C529
9927,C2493,C1707
9927,C5778,C457
9927,C5778,C625
9935,C992,C706
9936,C4559,C5030
9942,C806,C5030
9949,C2229,C1707
9956,C2492,C457
9956,C2584,C1685
9958,C3380,C22841
9960,C3380,C22841
9961,C3380,C22841
9963,C4254,C5030
9971,C4858,C1685
9974,C3374,C529
9977,C4291,C1944
9978,C626,C1707
9984,C5778,C528
9985,C3204,C706
9985,C5778,C586
9987,C5778,C467
9988,C5778,C586
9989,C3405,C706
9991,C421,C706
9992,C3198,C1707
9994,C3380,C2013
10007,C3380,C2013
10012,C5045,C1707
10016,C2492,C457
10018,C5778,C625
10020,C3380,C22841
10021,C3380,C22841
10022,C3380,C22841
10026,C13488,C1685
10026,C13488,C1707
10030,C1804,C1707
10030,C2850,C706
10031,C4077,C1685
10031,C5778,C1685
10032,C5778,C1685
10035,C3026,C449
10037,C2852,C706
10043,C4600,C706
10044,C1624,C5030
10046,C2438,C5030
10056,C1357,C1707
10056,C3122,C1707
10058,C1453,C706
10065,C3616,C1685
10066,C194,C706
10072,C3143,C706
10076,C2492,C457
10077,C3440,C5030
10078,C2827,C706
10079,C4515,C1707
10080,C4377,C706
10080,C814,C1685
10082,C3380,C22841
10083,C3380,C22841
10084,C2422,C5030
10084,C3380,C22167
10084,C3380,C22841
10085,C3444,C5030
10120,C2090,C586
10123,C3484,C1685
10123,C3664,C706
10124,C5778,C625
10125,C5778,C625
10126,C5778,C625
10128,C5778,C625
10130,C5778,C467
10133,C423,C921
10133,C5778,C457
10136,C2492,C457
10137,C3484,C528
10137,C5778,C586
10139,C154,C706
10142,C453,C1707
10144,C3380,C22841
10144,C5778,C467
10145,C3380,C22841
10146,C3380,C22841
10146,C5778,C467
10151,C5778,C457
10155,C4914,C5030
10157,C3869,C467
10166,C3143,C1707
10170,C5638,C1685
10170,C843,C5030
10173,C2626,C706
10176,C159,C1707
10176,C2668,C706
10179,C2893,C706
10186,C2032,C706
10186,C2436,C706
10186,C4352,C5030
10196,C2492,C457
10198,C2480,C5030
10199,C2492,C457
10199,C4377,C5030
10200,C1108,C457
10200,C3336,C706
10204,C3380,C22841
10206,C3380,C22841
10207,C3198,C1707
10209,C4377,C1707
10214,C608,C1707
10216,C1300,C706
10220,C2683,C706
10230,C354,C706
10238,C1191,C1685
10244,C814,C1685
10245,C1936,C2079
10256,C2492,C457
10265,C3380,C22841
10268,C3380,C22841
10271,C4291,C706
10273,C3374,C1065
10273,C5154,C1707
10274,C831,C1685
10279,C1936,C2079
10281,C1295,C1685
10281,C4112,C706
10285,C3165,C529
10285,C3165,C706
10300,C4291,C5030
10302,C4271,C612
10310,C3587,C1685
10317,C2320,C5640
10317,C2492,C457
10320,C1754,C706
10322,C4297,C706
10322,C4653,C612
10326,C154,C1707
10326,C3380,C22841
10329,C1515,C529
10330,C1515,C528
10330,C3380,C22841
10335,C3143,C1707
10336,C94,C1707
10337,C3254,C706
10337,C881,C5030
10342,C4653,C706
10342,C5778,C467
10343,C5778,C2109
10345,C5778,C467
10345,C5778,C528
10348,C1796,C1707
10349,C5111,C706
10352,C64,C5030
10359,C421,C1065
10363,C337,C1685
10377,C2492,C457
10387,C2320,C467
10387,C3380,C22841
10389,C421,C1065
10390,C122,C1685
10390,C2472,C706
10390,C5111,C1685
10392,C3380,C22841
10395,C1515,C706
10396,C1692,C1707
10396,C4352,C706
10399,C2321,C5030
10403,C5778,C529
10403,C5778,C625
10405,C436,C5030
10405,C5778,C529
10406,C5778,C612
10408,C453,C5030
10413,C2769,C5030
10420,C194,C1707
10421,C194,C1707
10421,C3380,C22841
10421,C843,C1685
10425,C17065,C1685
10426,C17065,C1707
10433,C5323,C5030
10437,C2492,C457
10439,C3381,C5030
10440,C274,C706
10446,C3374,C1707
10454,C3380,C22841
10461,C4291,C1685
10469,C2871,C706
10474,C1205,C1685
10474,C515,C706
10474,C768,C706
10481,C2038,C529
10490,C1108,C586
10491,C1108,C625
10497,C2492,C457
10499,C2492,C457
10499,C3374,C586
10505,C1506,C1707
10509,C3380,C22841
10516,C3380,C22841
10517,C161,C5030
10523,C1300,C5030
10525,C3122,C5030
10529,C1300,C4222
10529,C1300,C5588
10530,C1300,C5136
10530,C1300,C5640
10531,C1300,C22529
10531,C1300,C5136
10537,C920,C706
10540,C1796,C706
10540,C1936,C706
10550,C831,C5030
10552,C920,C528
10557,C2492,C457
10568,C920,C529
10570,C3380,C22841
10572,C2989,C1707
10578,C3380,C22841
10579,C5279,C706
10582,C1435,C1707
10582,C409,C706
10582,C4753,C1707
10605,C2496,C706
10606,C1796,C586
10606,C1796,C612
10613,C5337,C706
10617,C2492,C457
10618,C768,C612
10619,C5902,C1685
10620,C768,C528
10626,C159,C359
10631,C3380,C22841
10638,C1108,C1685
10640,C3380,C22841
10649,C2827,C5030
10658,C1357,C1707
10659,C3534,C706
10670,C1506,C5030
10675,C3554,C625
10676,C3554,C529
10677,C2492,C457
10680,C1243,C706
10681,C16137,C1685
10681,C3044,C1707
10681,C4988,C5030
10682,C16137,C1707
10683,C2303,C5030
10688,C657,C229
10689,C3629,C1685
10692,C2798,C1685
10692,C3380,C22841
10693,C20312,C1685
10693,C20312,C1707
10694,C1645,C706
10694,C992,C5030
10698,C4693,C706
10702,C3380,C22841
10719,C814,C706
10721,C3380,C22841
10732,C4753,C706
10735,C4618,C5030
10737,C2492,C457
10738,C3484,C5030
10740,C5893,C1707
10741,C5893,C1685
10742,C18345,C359
10751,C806,C706
10754,C2480,C1707
10763,C3254,C1707
10764,C3380,C22841
10778,C4254,C1685
10785,C5778,C612
10786,C421,C5030
10786,C5778,C625
10788,C5778,C467
10788,C5778,C625
10791,C4271,C706
10795,C2584,C529
10795,C2584,C586
10797,C2492,C457
10798,C2159,C5030
10799,C2492,C457
10801,C1191,C419
10802,C18184,C18184
10802,C5782,C16712
10803,C366,C368
10814,C3380,C22841
10826,C3380,C22841
10840,C2428,C1065
10845,C5778,C457
10845,C5778,C625
10847,C4618,C586
10847,C5778,C457
10848,C5778,C529
10849,C5778,C706
10850,C2459,C5030
10850,C5778,C706
10852,C2428,C529
10853,C3238,C5030
10854,C608,C706
10857,C2492,C457
10862,C26743,C26743
10863,C24436,C24436
10865,C1108,C706
10869,C2472,C1710
10875,C3380,C22841
10881,C2428,C1685
10885,C920,C1065
10888,C3380,C22841
10889,C2517,C1707
10889,C3457,C5030
10895,C3198,C1707
10901,C4651,C1707
10902,C2428,C1707
10903,C2428,C1707
10903,C5902,C359
10904,C2492,C457
10910,C161,C359
10910,C4653,C5030
10917,C2492,C457
10917,C3381,C1685
10921,C5778,C625
10936,C3380,C22841
10938,C5778,C1685
10941,C2436,C5030
10945,C2514,C706
10946,C881,C706
10950,C3380,C22841
10964,C4616,C706
10964,C920,C1685
10965,C920,C1685
10973,C484,C706
10974,C2387,C528
10975,C3198,C706
10976,C58,C1707
10977,C2492,C457
10981,C5279,C1685
10981,C814,C1685
10983,C1515,C1685
10983,C2387,C2387
10984,C2533,C1685
10985,C2320,C5640
10992,C2387,C5900
10997,C3380,C22841
10999,C1954,C5030
11000,C2464,C1707
11005,C24057,C1707
11006,C64,C1707
11009,C806,C1707
11012,C3380,C22841
11015,C366,C1685
11021,C3380,C22841
11021,C4081,C5030
11023,C15770,C1685
11024,C15770,C1707
11025,C3484,C706
11027,C4081,C5136
11028,C4081,C22529
11036,C366,C706
11037,C2459,C706
11037,C2492,C457
11042,C4081,C5136
11043,C4081,C22529
11045,C453,C1707
11051,C4081,C22529
11051,C4081,C5136
11055,C2320,C467
11055,C2626,C1685
11055,C2683,C1685
11067,C2584,C706
11068,C894,C457
11074,C3380,C22841
11076,C1936,C1944
11078,C2760,C5030
11082,C1928,C1707
11091,C2683,C585
11094,C2683,C46
11095,C2683,C743
11097,C2492,C457
11099,C2492,C457
11103,C20101,C20101
11106,C2159,C743
11109,C2159,C46
11111,C2159,C585
11119,C3380,C22841
11136,C3380,C22841
11141,C1191,C1685
11141,C9201,C9201
11156,C2438,C706
11157,C2492,C457
11161,C4559,C1685
11163,C14343,C1685
11168,C1142,C706
11169,C1750,C1065
11169,C902,C1685
11170,C2735,C5030
11170,C3380,C22529
11170,C3380,C23521
11173,C2278,C706
11176,C831,C1685
11177,C4291,C1944
11179,C14921,C14921
11180,C3380,C22841
11185,C1750,C1685
11185,C3165,C529
11185,C3165,C706
11188,C5279,C2436
11196,C3444,C706
11197,C4131,C1685
11198,C3380,C22841
11201,C4367,C5030
11204,C1750,C2109
11206,C5791,C25760
11215,C4254,C743
11216,C5176,C706
11216,C5778,C1065
11216,C5778,C528
11217,C2492,C457
11218,C5778,C528
11218,C5778,C586
11228,C154,C1707
11228,C18345,C359
11235,C2850,C359
11238,C3143,C1707
11240,C4693,C5030
11241,C3380,C22841
11241,C3664,C5030
11253,C5791,C1863
11260,C3380,C22841
11271,C3021,C706
11274,C4555,C528
11275,C5778,C612
11275,C5778,C625
11277,C2492,C457
11277,C3444,C529
11277,C5778,C612
11278,C5778,C457
11291,C1420,C1685
11293,C1191,C456
11302,C3380,C22841
11309,C2827,C1685
11316,C515,C5030
11322,C3380,C22841
11324,C843,C1685
11333,C27086,C1685
11333,C27086,C1707
11333,C453,C1707
11337,C2492,C457
11339,C4722,C231
11345,C2299,C1685
11346,C2769,C1533
11355,C3451,C5030
11359,C337,C5030
11360,C421,C1065
11363,C3380,C22841
11379,C2475,C231
11384,C3380,C22841
11387,C1645,C1685
11387,C631,C706
11390,C421,C1065
11397,C2492,C457
11399,C2492,C457
11407,C1750,C706
11408,C1506,C1707
11411,C3374,C612
11420,C4988,C528
11424,C3380,C22841
11434,C4508,C5030
11439,C194,C5030
11441,C768,C467
11441,C768,C529
11444,C2640,C706
11446,C1936,C2079
11446,C3380,C22841
11451,C5176,C5030
11457,C2492,C457
11465,C274,C1707
11466,C768,C586
11473,C992,C1707
11476,C253,C5030
11477,C3990,C706
11483,C2438,C1685
11485,C3380,C22841
11495,C2640,C5030
11496,C768,C1065
11505,C1205,C5030
11508,C1748,C5030
11508,C3380,C22841
11517,C2492,C457
11539,C94,C5030
11541,C1243,C5030
11546,C3380,C22841
11548,C2320,C467
11558,C26743,C26743
11559,C1357,C1707
11563,C3030,C5030
11565,C2422,C706
11570,C3380,C22841
11577,C2492,C457
11579,C18345,C359
11594,C2798,C1685
11599,C894,C706
11600,C5888,C5888
11601,C5763,C4592
11607,C3380,C22841
11609,C1653,C5030
11609,C2493,C2436
11609,C5638,C706
11614,C1804,C706
11625,C4600,C1707
11632,C10611,C10611
11632,C3380,C22841
11633,C5778,C528
11634,C5778,C586
11636,C159,C706
11636,C5778,C1065
11636,C5778,C467
11637,C2492,C457
11638,C1936,C1685
11639,C1936,C1685
11642,C2493,C706
11643,C3554,C529
11643,C3554,C625
11649,C1748,C706
11653,C10611,C3953
11653,C2320,C5640
11656,C5791,C5782
